HOME,AWAY,DATE,TIME (ET)
NYR,NYI,10/13/2016,7:00 PM
WSH,NYI,10/15/2016,7:00 PM
NYI,ANH,10/16/2016,6:00 PM
NYI,SJS,10/18/2016,7:00 PM
NYI,ARI,10/21/2016,7:00 PM
NYI,MIN,10/23/2016,6:00 PM
NYI,MON,10/26/2016,7:00 PM
PIT,NYI,10/27/2016,7:00 PM
NYI,TOR,10/30/2016,6:00 PM
NYI,TBL,11/1/2016,7:00 PM
NYI,PHI,11/3/2016,7:00 PM
NYI,EDM,11/5/2016,7:00 PM
NYI,VAN,11/7/2016,7:00 PM
TBL,NYI,11/10/2016,7:30 PM
FLA,NYI,11/12/2016,7:00 PM
NYI,TBL,11/14/2016,7:00 PM
NYI,PIT,11/18/2016,7:00 PM
ANH,NYI,11/22/2016,10:00 PM
LAK,NYI,11/23/2016,10:30 PM
SJS,NYI,11/25/2016,4:00 PM
NYI,CGY,11/28/2016,7:00 PM
NYI,PIT,11/30/2016,8:00 PM
WSH,NYI,12/1/2016,7:00 PM
NYI,DET,12/4/2016,6:00 PM
NYI,NYR,12/6/2016,7:00 PM
NYI,STL,12/8/2016,7:00 PM
CBJ,NYI,12/10/2016,7:00 PM
NYI,WSH,12/13/2016,7:00 PM
NYI,CHI,12/15/2016,7:00 PM
BUF,NYI,12/16/2016,7:00 PM
NYI,OTT,12/18/2016,7:00 PM
BOS,NYI,12/20/2016,7:00 PM
NYI,BUF,12/23/2016,7:00 PM
NYI,WSH,12/27/2016,7:00 PM
MIN,NYI,12/29/2016,8:00 PM
WPG,NYI,12/31/2016,7:00 PM
COL,NYI,1/6/2017,9:00 PM
ARI,NYI,1/7/2017,8:00 PM
NYI,FLA,1/11/2017,7:00 PM
FLA,NYI,1/13/2017,7:30 PM
CAR,NYI,1/14/2017,8:00 PM
BOS,NYI,1/16/2017,1:00 PM
NYI,DAL,1/19/2017,7:00 PM
NYI,LAK,1/21/2017,7:00 PM
NYI,PHI,1/22/2017,6:00 PM
NYI,CBJ,1/24/2017,7:00 PM
NYI,MON,1/26/2017,7:00 PM
NYI,WSH,1/31/2017,7:00 PM
DET,NYI,2/3/2017,7:30 PM
NYI,CAR,2/4/2017,7:00 PM
NYI,TOR,2/6/2017,7:00 PM
PHI,NYI,2/9/2017,7:00 PM
OTT,NYI,2/11/2017,1:00 PM
NYI,COL,2/12/2017,6:00 PM
TOR,NYI,2/14/2017,7:30 PM
NYI,NYR,2/16/2017,7:00 PM
NJD,NYI,2/18/2017,7:00 PM
NYI,NJD,2/19/2017,6:00 PM
DET,NYI,2/21/2017,7:30 PM
MON,NYI,2/23/2017,7:30 PM
CBJ,NYI,2/25/2017,5:00 PM
DAL,NYI,3/2/2017,8:30 PM
CHI,NYI,3/3/2017,8:30 PM
CGY,NYI,3/5/2017,4:00 PM
EDM,NYI,3/7/2017,9:00 PM
VAN,NYI,3/9/2017,10:00 PM
STL,NYI,3/11/2017,8:00 PM
NYI,CAR,3/13/2017,7:00 PM
CAR,NYI,3/14/2017,7:00 PM
NYI,WPG,3/16/2017,7:00 PM
NYI,CBJ,3/18/2017,1:00 PM
NYR,NYI,3/22/2017,8:00 PM
PIT,NYI,3/24/2017,7:00 PM
NYI,BOS,3/25/2017,7:00 PM
NYI,NSH,3/27/2017,7:00 PM
PHI,NYI,3/30/2017,7:00 PM
NYI,NJD,3/31/2017,7:30 PM
BUF,NYI,4/2/2017,3:00 PM
NSH,NYI,4/4/2017,8:00 PM
CAR,NYI,4/6/2017,7:00 PM
NJD,NYI,4/8/2017,6:00 PM
NYI,OTT,4/9/2017,5:00 PM
