HOME,VISITOR,DATE,TIME (ET)
FLA,PHI,10/10/2015,7:00 PM
PHI,FLA,10/12/2015,7:00 PM
CAR,FLA,10/13/2015,7:00 PM
FLA,BUF,10/15/2015,7:30 PM
FLA,DAL,10/17/2015,7:00 PM
PIT,FLA,10/20/2015,7:00 PM
CHI,FLA,10/22/2015,8:30 PM
DAL,FLA,10/24/2015,8:00 PM
FLA,COL,10/27/2015,7:30 PM
FLA,BOS,10/30/2015,7:30 PM
FLA,WSH,10/31/2015,7:00 PM
ANH,FLA,11/4/2015,10:30 PM
SJS,FLA,11/5/2015,10:30 PM
LAK,FLA,11/7/2015,4:00 PM
FLA,CGY,11/10/2015,7:30 PM
FLA,BUF,11/12/2015,7:30 PM
TBL,FLA,11/14/2015,7:00 PM
FLA,TBL,11/16/2015,7:30 PM
FLA,ANH,11/19/2015,7:30 PM
FLA,NYR,11/21/2015,7:00 PM
FLA,LAK,11/23/2015,7:30 PM
FLA,NYI,11/27/2015,7:30 PM
DET,FLA,11/29/2015,2:00 PM
STL,FLA,12/1/2015,8:00 PM
NSH,FLA,12/3/2015,8:00 PM
CBJ,FLA,12/4/2015,7:00 PM
NJD,FLA,12/6/2015,7:00 PM
FLA,OTT,12/8/2015,7:30 PM
FLA,WSH,12/10/2015,7:30 PM
BOS,FLA,12/12/2015,1:00 PM
NYI,FLA,12/15/2015,7:00 PM
NJD,FLA,12/17/2015,7:00 PM
CAR,FLA,12/18/2015,7:00 PM
FLA,VAN,12/20/2015,4:00 PM
FLA,OTT,12/22/2015,7:30 PM
FLA,CBJ,12/27/2015,6:00 PM
FLA,MON,12/29/2015,7:30 PM
FLA,NYR,1/2/2016,7:00 PM
FLA,MIN,1/3/2016,6:00 PM
BUF,FLA,1/5/2016,7:00 PM
OTT,FLA,1/7/2016,7:30 PM
EDM,FLA,1/10/2016,9:30 PM
VAN,FLA,1/11/2016,10:00 PM
CGY,FLA,1/13/2016,9:30 PM
TBL,FLA,1/17/2016,5:00 PM
FLA,EDM,1/18/2016,7:30 PM
FLA,CHI,1/22/2016,7:30 PM
FLA,TBL,1/23/2016,7:00 PM
FLA,TOR,1/26/2016,7:30 PM
WSH,FLA,2/2/2016,7:00 PM
FLA,DET,2/4/2016,7:30 PM
FLA,PIT,2/6/2016,7:00 PM
DET,FLA,2/8/2016,7:30 PM
BUF,FLA,2/9/2016,7:00 PM
FLA,STL,2/12/2016,7:30 PM
FLA,NSH,2/13/2016,7:00 PM
FLA,PIT,2/15/2016,7:30 PM
FLA,SJS,2/18/2016,7:30 PM
FLA,WPG,2/20/2016,7:00 PM
FLA,ARI,2/25/2016,7:30 PM
CBJ,FLA,2/27/2016,3:00 PM
MIN,FLA,2/28/2016,3:00 PM
WPG,FLA,3/1/2016,8:00 PM
COL,FLA,3/3/2016,9:00 PM
ARI,FLA,3/5/2016,9:00 PM
FLA,BOS,3/7/2016,7:30 PM
FLA,OTT,3/10/2016,7:30 PM
FLA,PHI,3/12/2016,7:00 PM
NYI,FLA,3/14/2016,7:00 PM
MON,FLA,3/15/2016,7:30 PM
TOR,FLA,3/17/2016,7:30 PM
FLA,DET,3/19/2016,7:00 PM
NYR,FLA,3/21/2016,7:00 PM
BOS,FLA,3/24/2016,7:00 PM
TBL,FLA,3/26/2016,7:00 PM
FLA,TOR,3/29/2016,7:30 PM
FLA,NJD,3/31/2016,7:30 PM
FLA,MON,4/2/2016,7:00 PM
TOR,FLA,4/4/2016,7:30 PM
MON,FLA,4/5/2016,7:30 PM
OTT,FLA,4/7/2016,7:30 PM
FLA,CAR,4/9/2016,7:00 PM
