HOME,VISITOR,DATE,TIME (PT)
CGY,VAN,10/7/2015,7:00 PM
VAN,CGY,10/10/2015,7:00 PM
ANH,VAN,10/12/2015,7:00 PM
LAK,VAN,10/13/2015,7:30 PM
VAN,STL,10/16/2015,7:00 PM
VAN,EDM,10/18/2015,6:00 PM
VAN,WSH,10/22/2015,7:00 PM
VAN,DET,10/24/2015,7:00 PM
VAN,MON,10/27/2015,7:00 PM
DAL,VAN,10/29/2015,5:30 PM
ARI,VAN,10/30/2015,7:00 PM
VAN,PHI,11/2/2015,7:00 PM
VAN,PIT,11/4/2015,7:00 PM
BUF,VAN,11/7/2015,10:00 AM
NJD,VAN,11/8/2015,2:00 PM
CBJ,VAN,11/10/2015,4:00 PM
OTT,VAN,11/12/2015,4:30 PM
TOR,VAN,11/14/2015,4:00 PM
MON,VAN,11/16/2015,4:30 PM
WPG,VAN,11/18/2015,4:30 PM
VAN,CHI,11/21/2015,7:00 PM
VAN,NJD,11/22/2015,7:00 PM
MIN,VAN,11/25/2015,4:00 PM
DAL,VAN,11/27/2015,5:30 PM
ANH,VAN,11/30/2015,7:00 PM
LAK,VAN,12/1/2015,7:30 PM
VAN,DAL,12/3/2015,7:00 PM
VAN,BOS,12/5/2015,7:00 PM
VAN,BUF,12/7/2015,7:00 PM
VAN,NYR,12/9/2015,7:00 PM
CHI,VAN,12/13/2015,4:00 PM
MIN,VAN,12/15/2015,5:00 PM
PHI,VAN,12/17/2015,4:00 PM
DET,VAN,12/18/2015,4:30 PM
FLA,VAN,12/20/2015,1:00 PM
TBL,VAN,12/22/2015,4:30 PM
VAN,EDM,12/26/2015,7:00 PM
VAN,LAK,12/28/2015,7:00 PM
VAN,ANH,1/1/2016,7:00 PM
VAN,ARI,1/4/2016,7:00 PM
VAN,CAR,1/6/2016,7:00 PM
VAN,TBL,1/9/2016,7:00 PM
VAN,FLA,1/11/2016,7:00 PM
WSH,VAN,1/14/2016,4:00 PM
CAR,VAN,1/15/2016,4:00 PM
NYI,VAN,1/17/2016,1:00 PM
NYR,VAN,1/19/2016,4:00 PM
BOS,VAN,1/21/2016,4:00 PM
PIT,VAN,1/23/2016,9:30 AM
VAN,NSH,1/26/2016,7:00 PM
VAN,CBJ,2/4/2016,7:00 PM
VAN,CGY,2/6/2016,7:00 PM
COL,VAN,2/9/2016,6:00 PM
ARI,VAN,2/10/2016,6:30 PM
VAN,TOR,2/13/2016,4:00 PM
VAN,MIN,2/15/2016,7:00 PM
VAN,ANH,2/18/2016,7:00 PM
CGY,VAN,2/19/2016,6:00 PM
VAN,COL,2/21/2016,7:00 PM
VAN,OTT,2/25/2016,7:00 PM
VAN,SJS,2/28/2016,4:00 PM
VAN,NYI,3/1/2016,7:00 PM
VAN,SJS,3/3/2016,7:00 PM
SJS,VAN,3/5/2016,7:00 PM
LAK,VAN,3/7/2016,7:30 PM
VAN,ARI,3/9/2016,7:00 PM
VAN,NSH,3/12/2016,7:00 PM
VAN,WPG,3/14/2016,7:00 PM
VAN,COL,3/16/2016,7:00 PM
EDM,VAN,3/18/2016,6:00 PM
VAN,STL,3/19/2016,7:00 PM
WPG,VAN,3/22/2016,5:00 PM
NSH,VAN,3/24/2016,5:00 PM
STL,VAN,3/25/2016,5:00 PM
VAN,CHI,3/27/2016,5:00 PM
VAN,SJS,3/29/2016,7:00 PM
SJS,VAN,3/31/2016,7:30 PM
ANH,VAN,4/1/2016,7:00 PM
VAN,LAK,4/4/2016,7:00 PM
EDM,VAN,4/6/2016,7:00 PM
CGY,VAN,4/7/2016,6:00 PM
VAN,EDM,4/9/2016,7:00 PM
